{"accuracy": [0.5948644876480103, 0.8535884618759155, 0.9114019274711609, 0.9387580752372742, 0.9524148106575012, 0.9627569317817688, 0.9704104065895081, 0.9747350215911865, 0.9791308045387268, 0.9817483425140381], "loss": [1.373091220855713, 0.45829108357429504, 0.2753937840461731, 0.19126074016094208, 0.14561524987220764, 0.11493954807519913, 0.08975820988416672, 0.0764370858669281, 0.0652989000082016, 0.056249380111694336], "val_accuracy": [0.8479399085044861, 0.8907352685928345, 0.9339289665222168, 0.9422945380210876, 0.9435465335845947, 0.9629524350166321, 0.9636922478675842, 0.9566924571990967, 0.9647166132926941, 0.9521966576576233], "val_loss": [0.4835786521434784, 0.3405928313732147, 0.20033112168312073, 0.1803763508796692, 0.16956529021263123, 0.11923059821128845, 0.11382210999727249, 0.14995542168617249, 0.11229491978883743, 0.15923552215099335]}